fundID,fundName,userID,totalQuota,usedQuota,abstract,remark,createDate
5433912,国自然,12,500.0,153.0,this is a abstract,no remark,1682908200.0
9374829,省科技攻关,23,300.0,83.0,incomplete procedures,handle it ASAP,1682908200.0
1,国自然,5,500.0,153.0,this is a abstract,no remark,1682908200.0
2,省科技攻关,5,300.0,83.0,province science,handle it ASAP,1682908200.0
3,国家基金,5,1000.0, 500.0,abstract 3,remark 3, 1682920000.0
4,青年基金,2,1000.0,300.0,青年基金,马上送出,1685383243.4336717
5,省重点基金,2,1000.0,446.0,省重点基金,给杨老师的省重点基金,1685383243.4336717
1231,省重点基金,2,1000.0,446.0,省重点基金,给杨老师的省重点基金,1685383243.4336717
10087,杨老师经费2,2,2333.0,3.0,3,3,1685390225.3039844
10088,杨老师经费3,2,2333.0,8.0,3,3,1682908200.0
